﻿<?xml version="1.0" encoding="utf-8"?>
<DocumentIDList xmlns:xsi="http://www.w3.org/2001/XMLSchema-instance" xmlns:xsd="http://www.w3.org/2001/XMLSchema">
  <List1>
    <DocumentID>
      <DisplayMember>Collins Vacation Policy for All Employees - Revised 9 20 17.docx</DisplayMember>
      <DmsName />
      <DocID />
      <FilePath>C:\Users\JLagen\Desktop\Collins Vacation Policy for All Employees - Revised 9 20 17.docx</FilePath>
      <Dms>MyComputer</Dms>
    </DocumentID>
    <DocumentID>
      <DisplayMember>[#4824-9582-5393] [v1] Christina Collins handbook 6-7-2021-OG from client.doc</DisplayMember>
      <DmsName>Christina Collins handbook 6-7-2021-OG from client 4824-9582-5393 v.1.doc</DmsName>
      <DocID>4824-9582-5393 v.1</DocID>
      <FilePath>Christina Collins handbook 6-7-2021-OG from client 4824-9582-5393 v.1.doc</FilePath>
      <Dms>NetDocuments</Dms>
    </DocumentID>
    <DocumentID>
      <DisplayMember>[#4835-5944-3953] [v1] Collins Vacation Policy for All Employees - Revised 9 20 17_GR edits 7.2021.docx</DisplayMember>
      <DmsName>Collins Vacation Policy for All Employees - Revised 9 20 17_GR edits 7.2021 4835-5944-3953 v.1.docx</DmsName>
      <DocID>4835-5944-3953 v.1</DocID>
      <FilePath>Collins Vacation Policy for All Employees - Revised 9 20 17_GR edits 7.2021 4835-5944-3953 v.1.docx</FilePath>
      <Dms>NetDocuments</Dms>
    </DocumentID>
    <DocumentID>
      <DisplayMember>[#4831-1476-0941] [v1] LFP Response to Request for Production.docx</DisplayMember>
      <DmsName>LFP Response to Request for Production 4831-1476-0941 v.1.docx</DmsName>
      <DocID>4831-1476-0941 v.1</DocID>
      <FilePath>LFP Response to Request for Production 4831-1476-0941 v.1.docx</FilePath>
      <Dms>NetDocuments</Dms>
    </DocumentID>
    <DocumentID>
      <DisplayMember>[#4823-8482-1229] [v1] LFP Response to First Set of Requests for Admission.docx</DisplayMember>
      <DmsName>LFP Response to First Set of Requests for Admission 4823-8482-1229 v.1.docx</DmsName>
      <DocID>4823-8482-1229 v.1</DocID>
      <FilePath>LFP Response to First Set of Requests for Admission 4823-8482-1229 v.1.docx</FilePath>
      <Dms>NetDocuments</Dms>
    </DocumentID>
    <DocumentID>
      <DisplayMember>[#4842-3568-8685] [v1] LFP Answers to Plaintiff's Interrogatories.docx</DisplayMember>
      <DmsName>LFP Answers to Plaintiff's Interrogatories 4842-3568-8685 v.1.docx</DmsName>
      <DocID>4842-3568-8685 v.1</DocID>
      <FilePath>LFP Answers to Plaintiff's Interrogatories 4842-3568-8685 v.1.docx</FilePath>
      <Dms>NetDocuments</Dms>
    </DocumentID>
    <DocumentID>
      <DisplayMember>[#4842-3568-8685] [v2] LFP Answers to Plaintiff's Interrogatories.docx</DisplayMember>
      <DmsName>LFP Answers to Plaintiff's Interrogatories 4842-3568-8685 v.2.docx</DmsName>
      <DocID>4842-3568-8685 v.2</DocID>
      <FilePath>LFP Answers to Plaintiff's Interrogatories 4842-3568-8685 v.2.docx</FilePath>
      <Dms>NetDocuments</Dms>
    </DocumentID>
    <DocumentID>
      <DisplayMember>[#4828-8132-1458] [v2] Form of Director Agreement - Donald A. Campbell and Company.docx</DisplayMember>
      <DmsName>Form of Director Agreement - Donald A. Campbell and Company 4828-8132-1458 v.2.docx</DmsName>
      <DocID>4828-8132-1458 v.2</DocID>
      <FilePath>Form of Director Agreement - Donald A. Campbell and Company 4828-8132-1458 v.2.docx</FilePath>
      <Dms>NetDocuments</Dms>
    </DocumentID>
    <DocumentID>
      <DisplayMember>[#4824-9582-5393] [v3] Christina Collins handbook 6-7-2021-OG from client.doc</DisplayMember>
      <DmsName>Christina Collins handbook 6-7-2021-OG from client 4824-9582-5393 v.3.doc</DmsName>
      <DocID>4824-9582-5393 v.3</DocID>
      <FilePath>Christina Collins handbook 6-7-2021-OG from client 4824-9582-5393 v.3.doc</FilePath>
      <Dms>NetDocuments</Dms>
    </DocumentID>
    <DocumentID>
      <DisplayMember>[#4850-8836-8114] [v1] Release and Settlement Agreement-  6.28.21.docx</DisplayMember>
      <DmsName>Release and Settlement Agreement-  6.28.21 4850-8836-8114 v.1.docx</DmsName>
      <DocID>4850-8836-8114 v.1</DocID>
      <FilePath>Release and Settlement Agreement-  6.28.21 4850-8836-8114 v.1.docx</FilePath>
      <Dms>NetDocuments</Dms>
    </DocumentID>
  </List1>
  <List2>
    <DocumentID>
      <DisplayMember>2- Collins Vacation Policy for All Employees - Revised 9 20 17_GR edits 7.2021.docx</DisplayMember>
      <DmsName />
      <DocID />
      <FilePath>C:\Users\JLagen\Desktop\2- Collins Vacation Policy for All Employees - Revised 9 20 17_GR edits 7.2021.docx</FilePath>
      <Dms>MyComputer</Dms>
    </DocumentID>
    <DocumentID>
      <DisplayMember>2-Collins Vacation Policy for All Employees - Revised 9 20 17_GR edits 7.2021.docx</DisplayMember>
      <DmsName />
      <DocID />
      <FilePath>C:\Users\JLagen\Desktop\2-Collins Vacation Policy for All Employees - Revised 9 20 17_GR edits 7.2021.docx</FilePath>
      <Dms>MyComputer</Dms>
    </DocumentID>
    <DocumentID>
      <DisplayMember>[#4824-9582-5393] [v4] Christina Collins handbook 6-7-2021-OG from client.doc</DisplayMember>
      <DmsName>Christina Collins handbook 6-7-2021-OG from client 4824-9582-5393 v.4.doc</DmsName>
      <DocID>4824-9582-5393 v.4</DocID>
      <FilePath>Christina Collins handbook 6-7-2021-OG from client 4824-9582-5393 v.4.doc</FilePath>
      <Dms>NetDocuments</Dms>
    </DocumentID>
    <DocumentID>
      <DisplayMember>[#4835-5944-3953] [v3] Collins Vacation Policy for All Employees - Revised 9 20 17_GR edits 7.2021.docx</DisplayMember>
      <DmsName>Collins Vacation Policy for All Employees - Revised 9 20 17_GR edits 7.2021 4835-5944-3953 v.3.docx</DmsName>
      <DocID>4835-5944-3953 v.3</DocID>
      <FilePath>Collins Vacation Policy for All Employees - Revised 9 20 17_GR edits 7.2021 4835-5944-3953 v.3.docx</FilePath>
      <Dms>NetDocuments</Dms>
    </DocumentID>
    <DocumentID>
      <DisplayMember>[#4831-1476-0941] [v2] LFP Response to Request for Production.docx</DisplayMember>
      <DmsName>LFP Response to Request for Production 4831-1476-0941 v.2.docx</DmsName>
      <DocID>4831-1476-0941 v.2</DocID>
      <FilePath>LFP Response to Request for Production 4831-1476-0941 v.2.docx</FilePath>
      <Dms>NetDocuments</Dms>
    </DocumentID>
    <DocumentID>
      <DisplayMember>[#4823-8482-1229] [v2] LFP Response to First Set of Requests for Admission.docx</DisplayMember>
      <DmsName>LFP Response to First Set of Requests for Admission 4823-8482-1229 v.2.docx</DmsName>
      <DocID>4823-8482-1229 v.2</DocID>
      <FilePath>LFP Response to First Set of Requests for Admission 4823-8482-1229 v.2.docx</FilePath>
      <Dms>NetDocuments</Dms>
    </DocumentID>
    <DocumentID>
      <DisplayMember>[#4842-3568-8685] [v2] LFP Answers to Plaintiff's Interrogatories.docx</DisplayMember>
      <DmsName>LFP Answers to Plaintiff's Interrogatories 4842-3568-8685 v.2.docx</DmsName>
      <DocID>4842-3568-8685 v.2</DocID>
      <FilePath>LFP Answers to Plaintiff's Interrogatories 4842-3568-8685 v.2.docx</FilePath>
      <Dms>NetDocuments</Dms>
    </DocumentID>
    <DocumentID>
      <DisplayMember>[#4828-8132-1458] [v3] Form of Director Agreement - Donald A. Campbell and Company.docx</DisplayMember>
      <DmsName>Form of Director Agreement - Donald A. Campbell and Company 4828-8132-1458 v.3.docx</DmsName>
      <DocID>4828-8132-1458 v.3</DocID>
      <FilePath>Form of Director Agreement - Donald A. Campbell and Company 4828-8132-1458 v.3.docx</FilePath>
      <Dms>NetDocuments</Dms>
    </DocumentID>
    <DocumentID>
      <DisplayMember>[#4850-8836-8114] [v2] Release and Settlement Agreement-  6.28.21.docx</DisplayMember>
      <DmsName>Release and Settlement Agreement-  6.28.21 4850-8836-8114 v.2.docx</DmsName>
      <DocID>4850-8836-8114 v.2</DocID>
      <FilePath>Release and Settlement Agreement-  6.28.21 4850-8836-8114 v.2.docx</FilePath>
      <Dms>NetDocuments</Dms>
    </DocumentID>
    <DocumentID>
      <DisplayMember>Release and Settlement Agreement-  6.28.21 4850-8836-8114 v.2.docx</DisplayMember>
      <DmsName />
      <DocID />
      <FilePath>C:\Users\JLagen\Desktop\Release and Settlement Agreement-  6.28.21 4850-8836-8114 v.2.docx</FilePath>
      <Dms>MyComputer</Dms>
    </DocumentID>
  </List2>
</DocumentIDList>