﻿<?xml version="1.0" encoding="utf-8" standalone="yes"?>
<compareDocsAppSettings>
  <AutoSelectVersionsFromDMS version="0" enforced="false">True</AutoSelectVersionsFromDMS>
  <LastConnection version="0" enforced="false">23 Jul 2021 08:44:36 AM</LastConnection>
  <CompareDocsLicenseName version="1" enforced="false">Gould &amp; Ratner LLP</CompareDocsLicenseName>
  <CompareDocsLicenseKey version="1" enforced="false">72968-71370187-721493-2880-28-60945-0-00701</CompareDocsLicenseKey>
  <StreamType version="1" enforced="false">WordNative</StreamType>
  <ReportHeader version="0" enforced="false">pdfDocs compareDocs Comparison Results</ReportHeader>
  <ViewWordPaneRevisions version="0" enforced="false">False</ViewWordPaneRevisions>
  <ShowFormatChanges version="0" enforced="false">False</ShowFormatChanges>
  <DisableUpdates version="0" enforced="false">True</DisableUpdates>
  <WordReportType version="1" enforced="false">1</WordReportType>
  <PDFReportType version="1" enforced="false">2</PDFReportType>
  <ConvertToPDFEnhancedMode version="0" enforced="false">False</ConvertToPDFEnhancedMode>
  <PDFGenerateChangeSummaryReport version="0" enforced="false">False</PDFGenerateChangeSummaryReport>
  <WordCompareFlattenFields version="0" enforced="false">True</WordCompareFlattenFields>
  <WordCompareComments version="0" enforced="false">True</WordCompareComments>
  <WordRenderingSetName version="0" enforced="false">G&amp;R Color (with Bars, Bold, and no Moves)</WordRenderingSetName>
  <WordSaveOption version="0" enforced="false">2</WordSaveOption>
  <WordTrackChangesAuthorOption version="0" enforced="false">2</WordTrackChangesAuthorOption>
  <WordInsertChangeBars version="0" enforced="false">True</WordInsertChangeBars>
  <PdfRenderingSetName version="0" enforced="false">G&amp;R Color</PdfRenderingSetName>
  <ExcelAllWorkSheets version="0" enforced="false">True</ExcelAllWorkSheets>
  <MacroSwitch version="0" enforced="false">False</MacroSwitch>
  <Language version="0" enforced="false">en-US</Language>
  <DMSSaveAsSettings version="0" enforced="false">
    <DMSSaveAsDefault>Attachment</DMSSaveAsDefault>
    <DMSEnableSaveAsNewDocument>true</DMSEnableSaveAsNewDocument>
    <DMSEnableSaveAsNewVersion>true</DMSEnableSaveAsNewVersion>
    <DMSEnableSaveAsRelatedDocument>true</DMSEnableSaveAsRelatedDocument>
    <DMSEnableSaveAsAttachment>true</DMSEnableSaveAsAttachment>
    <DMSaveAsAutoSecurity>false</DMSaveAsAutoSecurity>
    <DMSSaveAsPrompt>true</DMSSaveAsPrompt>
  </DMSSaveAsSettings>
  <WorksiteRightClickIntegrationLabel version="0" enforced="false">Send to pdfDocs compareDocs</WorksiteRightClickIntegrationLabel>
  <Version version="0" enforced="false">1.0.0.2</Version>
</compareDocsAppSettings>