﻿<?xml version="1.0" encoding="utf-8"?>
<DocRenderSet xmlns:xsi="http://www.w3.org/2001/XMLSchema-instance" xmlns:xsd="http://www.w3.org/2001/XMLSchema">
  <OriginalName>G&amp;R Color (without Bars, Bold, and no Moves)</OriginalName>
  <FileNameOnDisk>C:\Users\jwillis\AppData\Roaming\DocsCorp\pdfDocs compareDocs\RenderSets\Local\doc\G&amp;R Color (without Bars, Bold, and no Moves).xml</FileNameOnDisk>
  <DisplayName>G&amp;R Color (without Bars, Bold, and no Moves)</DisplayName>
  <CreationDate />
  <ModifiedDate />
  <ServerSet>false</ServerSet>
  <AvailableForTrackChanges>true</AvailableForTrackChanges>
  <AvailableForFormatting>true</AvailableForFormatting>
  <TrackChanges>
    <Insertions>wdInsertedTextMarkDoubleUnderline</Insertions>
    <InsertionsColor>wdBlue</InsertionsColor>
    <Deletions>wdDeletedTextMarkStrikeThrough</Deletions>
    <DeletionsColor>wdRed</DeletionsColor>
    <MoveTo>wdMoveToTextMarkDoubleUnderline</MoveTo>
    <MoveToColor>wdGreen</MoveToColor>
    <MoveFrom>wdMoveFromTextMarkStrikeThrough</MoveFrom>
    <MoveFromColor>wdGreen</MoveFromColor>
    <EnableFontChanges>false</EnableFontChanges>
    <EnableParaStyle>false</EnableParaStyle>
    <EnableCharStyle>false</EnableCharStyle>
    <Formatting>wdRevisedPropertiesMarkColorOnly</Formatting>
    <FormattingColor>wdDarkYellow</FormattingColor>
    <ChangedLines>wdRevisedLinesMarkLeftBorder</ChangedLines>
    <ChangedLinesColor>wdAuto</ChangedLinesColor>
    <CommentsColor>wdByAuthor</CommentsColor>
    <RevisionsMode>wdMixedRevisions</RevisionsMode>
    <RevisionsBalloonWidth>5.4</RevisionsBalloonWidth>
    <RevisionsBalloonWidthType>wdBalloonWidthPoints</RevisionsBalloonWidthType>
    <RevisionsBalloonMargin>wdLeftMargin</RevisionsBalloonMargin>
    <RevisionsBalloonShowConnectingLines>false</RevisionsBalloonShowConnectingLines>
    <RevisionsBalloonPrintOrientation>wdBalloonPrintOrientationPreserve</RevisionsBalloonPrintOrientation>
    <IgnoreCase>false</IgnoreCase>
    <EnableWordCompareSettings>false</EnableWordCompareSettings>
    <WordCompareTables xsi:nil="true" />
    <WordCompareHeadersFooters xsi:nil="true" />
    <WordCompareFootnotesEndnotes xsi:nil="true" />
    <WordCompareListNumbers xsi:nil="true" />
    <CharacterLevel xsi:nil="true" />
    <WordCompareFieldCodes xsi:nil="true" />
    <WordCompareFlattenFields xsi:nil="true" />
    <WordCompareTextBoxes xsi:nil="true" />
    <WordCompareComments xsi:nil="false" />
    <WordCompareShowMoves xsi:nil="true" />
    <WordEngineCompareMode xsi:nil="true" />
  </TrackChanges>
  <DocFormatting>
    <BoldForFormattingInserts>true</BoldForFormattingInserts>
    <BoldForFormattingDeletes>true</BoldForFormattingDeletes>
    <BoldForFormattingMoveTo>true</BoldForFormattingMoveTo>
    <BoldForFormattingMoveFrom>true</BoldForFormattingMoveFrom>
    <Insertions>wdInsertedTextMarkDoubleUnderline</Insertions>
    <InsertionsColor>wdBlue</InsertionsColor>
    <InsertionsHighlight>wdNone</InsertionsHighlight>
    <Deletions>wdDeletedTextMarkStrikeThrough</Deletions>
    <DeletionsColor>wdRed</DeletionsColor>
    <DeletionsHighlight>wdNone</DeletionsHighlight>
    <MoveTo>wdMoveToTextMarkDoubleUnderline</MoveTo>
    <MoveToColor>wdBlue</MoveToColor>
    <MoveToHighlight>wdNone</MoveToHighlight>
    <MoveFrom>wdMoveFromTextMarkStrikeThrough</MoveFrom>
    <MoveFromColor>wdRed</MoveFromColor>
    <MoveFromHighlight>wdNone</MoveFromHighlight>
    <EnableFontChanges>false</EnableFontChanges>
    <FontChangesStyle>wdRevisedPropertiesMarkColorOnly</FontChangesStyle>
    <FontChangesColor>wdDarkYellow</FontChangesColor>
    <FontChangesHighlight>wdNone</FontChangesHighlight>
    <EnableParaStyle>false</EnableParaStyle>
    <ParaStyleColor>wdTurquoise</ParaStyleColor>
    <EnableCharStyle>false</EnableCharStyle>
    <CharStyle>wdRevisedPropertiesMarkNone</CharStyle>
    <CharStyleColor>wdPink</CharStyleColor>
    <CharStyleHighlight>wdTurquoise</CharStyleHighlight>
    <InsertChangeBars>false</InsertChangeBars>
    <ChangeBarPosition>0</ChangeBarPosition>
    <IgnoreCase>false</IgnoreCase>
    <EnableWordCompareSettings>false</EnableWordCompareSettings>
    <WordCompareTables xsi:nil="true" />
    <WordCompareHeadersFooters xsi:nil="true" />
    <WordCompareFootnotesEndnotes xsi:nil="true" />
    <WordCompareListNumbers xsi:nil="true" />
    <CharacterLevel xsi:nil="true" />
    <WordCompareFieldCodes xsi:nil="true" />
    <WordCompareFlattenFields xsi:nil="true" />
    <WordCompareTextBoxes xsi:nil="true" />
    <WordCompareComments xsi:nil="false" />
    <WordCompareShowMoves xsi:nil="true" />
    <WordEngineCompareMode xsi:nil="true" />
  </DocFormatting>
  <BoldForFormattingInserts xsi:nil="true" />
  <BoldForFormattingDeletes xsi:nil="true" />
  <BoldForFormattingMoveTo xsi:nil="true" />
  <BoldForFormattingMoveFrom xsi:nil="true" />
  <RevisionsBalloonWidth xsi:nil="true" />
  <RevisionsBalloonShowConnectingLines xsi:nil="true" />
</DocRenderSet>