﻿<?xml version="1.0" encoding="utf-8"?>
<PDFRenderSet xmlns:xsi="http://www.w3.org/2001/XMLSchema-instance" xmlns:xsd="http://www.w3.org/2001/XMLSchema">
  <OriginalName>Highlighting - Exclude Headers / Footers</OriginalName>
  <FileNameOnDisk>C:\Users\JLagen\AppData\Roaming\DocsCorp\pdfDocs compareDocs\RenderSets\ServerSide\Default\pdf\pdf8.xml</FileNameOnDisk>
  <DisplayName>Highlighting - Exclude Headers / Footers</DisplayName>
  <CreationDate />
  <ModifiedDate />
  <ServerSet>true</ServerSet>
  <EnableConsolidated>false</EnableConsolidated>
  <Consolidated>
    <InsertionOptions>
      <MarkupColor>255:0:0:255</MarkupColor>
      <MarkupType>Highlight</MarkupType>
      <ShowPopup>true</ShowPopup>
      <ShowCaret>false</ShowCaret>
      <ShowVertline>false</ShowVertline>
    </InsertionOptions>
    <DeletionOptions>
      <MarkupColor>255:255:0:0</MarkupColor>
      <MarkupType>Caret</MarkupType>
      <ShowPopup>true</ShowPopup>
      <ShowCaret>false</ShowCaret>
      <ShowVertline>false</ShowVertline>
    </DeletionOptions>
    <ChangeInsertionOptions>
      <MarkupColor>255:0:0:255</MarkupColor>
      <MarkupType>Highlight</MarkupType>
      <ShowPopup>true</ShowPopup>
      <ShowCaret>false</ShowCaret>
      <ShowVertline>false</ShowVertline>
    </ChangeInsertionOptions>
    <ChangeDeletionOptions>
      <MarkupColor>255:255:0:0</MarkupColor>
      <MarkupType>Caret</MarkupType>
      <ShowPopup>true</ShowPopup>
      <ShowCaret>false</ShowCaret>
      <ShowVertline>false</ShowVertline>
    </ChangeDeletionOptions>
    <MoveInsertionOptions>
      <MarkupColor>255:0:128:0</MarkupColor>
      <MarkupType>Highlight</MarkupType>
      <ShowPopup>true</ShowPopup>
      <ShowCaret>false</ShowCaret>
      <ShowVertline>false</ShowVertline>
    </MoveInsertionOptions>
    <MoveDeletionOptions>
      <MarkupColor>255:255:255:0</MarkupColor>
      <MarkupType>Caret</MarkupType>
      <ShowPopup>true</ShowPopup>
      <ShowCaret>false</ShowCaret>
      <ShowVertline>false</ShowVertline>
    </MoveDeletionOptions>
  </Consolidated>
  <HeaderFooter>
    <ExcludeHeader>true</ExcludeHeader>
    <ExcludeFooter>true</ExcludeFooter>
    <ExcludeFirstPageHeader>false</ExcludeFirstPageHeader>
    <ExcludeLastPageHeader>false</ExcludeLastPageHeader>
    <ExcludeFirstPageFooter>false</ExcludeFirstPageFooter>
    <ExcludeLastPageFooter>false</ExcludeLastPageFooter>
    <HeaderMargin>2.54</HeaderMargin>
    <FooterMargin>2.54</FooterMargin>
  </HeaderFooter>
  <EnableSideBySide>false</EnableSideBySide>
  <SideBySide>
    <ModifiedPosition>Right</ModifiedPosition>
    <InsertionOptions>
      <MarkupColor>255:0:0:255</MarkupColor>
      <MarkupType>Highlight</MarkupType>
      <ShowPopup>true</ShowPopup>
      <ShowCaret>false</ShowCaret>
      <ShowVertline>false</ShowVertline>
    </InsertionOptions>
    <DeletionOptions>
      <MarkupColor>255:255:0:0</MarkupColor>
      <MarkupType>Highlight</MarkupType>
      <ShowPopup>true</ShowPopup>
      <ShowCaret>false</ShowCaret>
      <ShowVertline>false</ShowVertline>
    </DeletionOptions>
    <ChangeInsertionOptions>
      <MarkupColor>255:0:0:255</MarkupColor>
      <MarkupType>Highlight</MarkupType>
      <ShowPopup>true</ShowPopup>
      <ShowCaret>false</ShowCaret>
      <ShowVertline>false</ShowVertline>
    </ChangeInsertionOptions>
    <ChangeDeletionOptions>
      <MarkupColor>255:255:0:0</MarkupColor>
      <MarkupType>Highlight</MarkupType>
      <ShowPopup>true</ShowPopup>
      <ShowCaret>false</ShowCaret>
      <ShowVertline>false</ShowVertline>
    </ChangeDeletionOptions>
    <MoveInsertionOptions>
      <MarkupColor>255:0:128:0</MarkupColor>
      <MarkupType>Highlight</MarkupType>
      <ShowPopup>true</ShowPopup>
      <ShowCaret>false</ShowCaret>
      <ShowVertline>false</ShowVertline>
    </MoveInsertionOptions>
    <MoveDeletionOptions>
      <MarkupColor>255:255:255:0</MarkupColor>
      <MarkupType>Highlight</MarkupType>
      <ShowPopup>true</ShowPopup>
      <ShowCaret>false</ShowCaret>
      <ShowVertline>false</ShowVertline>
    </MoveDeletionOptions>
    <ShowInsertionCaret>false</ShowInsertionCaret>
    <ShowDeletionCaret>false</ShowDeletionCaret>
  </SideBySide>
  <Punctuation>0</Punctuation>
  <IgnoreCase>0</IgnoreCase>
  <Version>1</Version>
  <FontFilterOptions>
    <EnableFontFiltering>false</EnableFontFiltering>
    <FilterType>Exclude</FilterType>
    <Fonts />
  </FontFilterOptions>
  <EnableLegacy>false</EnableLegacy>
  <Underlining>false</Underlining>
  <MovesUnderlining>false</MovesUnderlining>
  <DifferenceUnderlining>false</DifferenceUnderlining>
  <InsertsUnderlining>false</InsertsUnderlining>
  <Delimiter>false</Delimiter>
  <InsertsDelimiter>none</InsertsDelimiter>
  <DifferenceDelimiter>none</DifferenceDelimiter>
  <MovesDelimiter>none</MovesDelimiter>
  <DeletesDelimiter>none</DeletesDelimiter>
</PDFRenderSet>